{
    "rmse": 0.8044022438247388,
    "mae": 0.6470629698702746,
    "r2": 0.009858962107680891
}